Letter	Frequency
American_Express	0.01685393258427
MasterCard-Eurocard	0.02247191011236
Upayment	0.0056179775280899
VISA	0.095505617977528
bank_debit_cards	0.12359550561798
cash	0.73595505617978
